{"cameraMode":{"drawMode":0,"name":"Shaded","section":"Shading Mode"},"sceneLighting":false,"audioPlay":false,"sceneViewState":{"showFog":true,"showMaterialUpdate":false,"showSkybox":false,"showFlares":true,"showImageEffects":true,"showParticleSystems":true},"in2DMode":false,"pivot":{"x":0.033818379044532779,"y":0.5764357447624207,"z":-0.2921231985092163},"rotation":{"x":0.0003926059289369732,"y":-0.9980341196060181,"z":0.06235643848776817,"w":0.006283593364059925},"size":1.2106244564056397,"orthographic":false}