{"cameraMode":{"drawMode":0,"name":"Shaded","section":"Shading Mode"},"sceneLighting":false,"audioPlay":false,"sceneViewState":{"showFog":true,"showMaterialUpdate":false,"showSkybox":false,"showFlares":true,"showImageEffects":true,"showParticleSystems":true},"in2DMode":false,"pivot":{"x":0.21174851059913636,"y":0.23784975707530976,"z":-1.518537998199463},"rotation":{"x":-0.0033368419390171768,"y":-0.995482325553894,"z":0.08683611452579498,"w":-0.03825365751981735},"size":3.4566261768341066,"orthographic":false}