{"cameraMode":{"drawMode":0,"name":"Shaded","section":"Shading Mode"},"sceneLighting":true,"audioPlay":false,"sceneViewState":{"showFog":true,"showMaterialUpdate":false,"showSkybox":true,"showFlares":true,"showImageEffects":true,"showParticleSystems":true},"in2DMode":false,"pivot":{"x":-1.1057852506637574,"y":0.16891589760780335,"z":0.03665442764759064},"rotation":{"x":-0.007218177895992994,"y":0.8908674120903015,"z":-0.014164350926876068,"w":-0.4539853632450104},"size":2.328313112258911,"orthographic":false}