{"cameraMode":{"drawMode":0,"name":"Shaded","section":"Shading Mode"},"sceneLighting":false,"audioPlay":false,"sceneViewState":{"showFog":true,"showMaterialUpdate":false,"showSkybox":false,"showFlares":true,"showImageEffects":true,"showParticleSystems":true},"in2DMode":false,"pivot":{"x":-0.09709373861551285,"y":1.9283581972122193,"z":-0.6992735266685486},"rotation":{"x":-0.06368175148963928,"y":-0.5954718589782715,"z":-0.04743388667702675,"w":0.7994422316551209},"size":5.134954452514648,"orthographic":false}