{"cameraMode":{"drawMode":0,"name":"Shaded","section":"Shading Mode"},"sceneLighting":false,"audioPlay":false,"sceneViewState":{"showFog":true,"showMaterialUpdate":false,"showSkybox":false,"showFlares":true,"showImageEffects":true,"showParticleSystems":true},"in2DMode":false,"pivot":{"x":0.10513631999492645,"y":0.5964258313179016,"z":-0.3785056173801422},"rotation":{"x":-0.0008001033565960825,"y":-0.9991415739059448,"z":0.02338245138525963,"w":-0.03418782725930214},"size":1.4793336391448975,"orthographic":false}