{"cameraMode":{"drawMode":0,"name":"Shaded","section":"Shading Mode"},"sceneLighting":false,"audioPlay":false,"sceneViewState":{"showFog":true,"showMaterialUpdate":false,"showSkybox":false,"showFlares":true,"showImageEffects":true,"showParticleSystems":true},"in2DMode":false,"pivot":{"x":-1.799312710762024,"y":0.8959292769432068,"z":-1.6682937145233155},"rotation":{"x":0.020218225196003915,"y":-0.8098413944244385,"z":0.02795867994427681,"w":0.5856333374977112},"size":5.434935092926025,"orthographic":false}