{"cameraMode":{"drawMode":0,"name":"Shaded","section":"Shading Mode"},"sceneLighting":false,"audioPlay":false,"sceneViewState":{"showFog":true,"showMaterialUpdate":false,"showSkybox":false,"showFlares":true,"showImageEffects":true,"showParticleSystems":true},"in2DMode":false,"pivot":{"x":-0.02981329709291458,"y":0.07541337609291077,"z":-0.8287707567214966},"rotation":{"x":0.009793678298592568,"y":-0.9878883361816406,"z":0.13810522854328156,"w":0.07005597651004791},"size":1.647413969039917,"orthographic":false}