{"cameraMode":{"drawMode":0,"name":"Shaded","section":"Shading Mode"},"sceneLighting":false,"audioPlay":false,"sceneViewState":{"showFog":true,"showMaterialUpdate":false,"showSkybox":false,"showFlares":true,"showImageEffects":true,"showParticleSystems":true},"in2DMode":false,"pivot":{"x":-0.14477062225341798,"y":0.29982811212539675,"z":-0.621536135673523},"rotation":{"x":0.004157360177487135,"y":-0.9891104102134705,"z":0.14433197677135468,"w":0.02849053405225277},"size":2.0601706504821779,"orthographic":false}